{
    "popularity_auc_roc": 0.8003054316315495,
    "popularity_avg_precision": 0.5527563976609104,
    "popularity_training_latency": 0.017696380615234375,
    "popularity_hit_rate_10": 0.013,
    "popularity_ndcg_10": 0.005894701341901269,
    "popularity_precision_10": 0.0013993541442411195,
    "popularity_recall_10": 0.012055974165769643,
    "popularity_mrr_10": 0.004308267978881542,
    "logistic_regression_auc_roc": 0.7960418670998659,
    "logistic_regression_avg_precision": 0.5118156475262077,
    "logistic_regression_training_latency": 6.868133544921875,
    "logistic_regression_hit_rate_10": 0.012,
    "logistic_regression_ndcg_10": 0.005971780981158066,
    "logistic_regression_precision_10": 0.0012917115177610336,
    "logistic_regression_recall_10": 0.011840688912809472,
    "logistic_regression_mrr_10": 0.004415910605361628,
    "ncf_weighted_auc_roc": 0.9220789741817755,
    "ncf_weighted_avg_precision": 0.8446372910883186,
    "ncf_weighted_final_train_loss": 0.033857936031219615,
    "ncf_weighted_training_latency": 0.0,
    "ncf_weighted_hit_rate_10": 0.149,
    "ncf_weighted_ndcg_10": 0.08957798625000173,
    "ncf_weighted_precision_10": 0.015608180839612486,
    "ncf_weighted_recall_10": 0.15177610333692143,
    "ncf_weighted_mrr_10": 0.07135894544398312,
    "ncf_binary_auc_roc": 0.8575708581322046,
    "ncf_binary_avg_precision": 0.7979348983123099,
    "ncf_binary_final_train_loss": 0.02925147475655264,
    "ncf_binary_training_latency": 0.0,
    "ncf_binary_hit_rate_10": 0.365,
    "ncf_binary_ndcg_10": 0.31508741682960295,
    "ncf_binary_precision_10": 0.05901926444833626,
    "ncf_binary_recall_10": 0.4491913758551237,
    "ncf_binary_mrr_10": 0.2962437105606983,
    "ncf_implicit_auc_roc": 0.9202165895559746,
    "ncf_implicit_avg_precision": 0.8416147900555112,
    "ncf_implicit_final_train_loss": 0.035620956022744864,
    "ncf_implicit_training_latency": 0.0,
    "ncf_implicit_hit_rate_10": 0.136,
    "ncf_implicit_ndcg_10": 0.08258761392410144,
    "ncf_implicit_precision_10": 0.014316469321851454,
    "ncf_implicit_recall_10": 0.14047362755651238,
    "ncf_implicit_mrr_10": 0.06519170639192168,
    "gmf_weighted_auc_roc": 0.9180954998207312,
    "gmf_weighted_avg_precision": 0.8504325802313945,
    "gmf_weighted_final_train_loss": 0.0038081653980921388,
    "gmf_weighted_training_latency": 0.0,
    "gmf_weighted_hit_rate_10": 0.184,
    "gmf_weighted_ndcg_10": 0.09352317729781465,
    "gmf_weighted_precision_10": 0.019268030139935412,
    "gmf_weighted_recall_10": 0.18945102260495156,
    "gmf_weighted_mrr_10": 0.06468296683581937,
    "gmf_binary_auc_roc": 0.7241556561277599,
    "gmf_binary_avg_precision": 0.5065968321368854,
    "gmf_binary_final_train_loss": 0.47835246216902977,
    "gmf_binary_training_latency": 0.0,
    "gmf_binary_hit_rate_10": 0.225,
    "gmf_binary_ndcg_10": 0.19397198712524952,
    "gmf_binary_precision_10": 0.03502626970227671,
    "gmf_binary_recall_10": 0.25513453271772013,
    "gmf_binary_mrr_10": 0.19624162566369222,
    "gmf_implicit_auc_roc": 0.9186710446788142,
    "gmf_implicit_avg_precision": 0.8513695018986311,
    "gmf_implicit_final_train_loss": 0.0037269129761891345,
    "gmf_implicit_training_latency": 0.0,
    "gmf_implicit_hit_rate_10": 0.204,
    "gmf_implicit_ndcg_10": 0.10756842874512423,
    "gmf_implicit_precision_10": 0.02163616792249731,
    "gmf_implicit_recall_10": 0.2147470398277718,
    "gmf_implicit_mrr_10": 0.07556939532181726,
    "matrix_factorization_weighted_auc_roc": 0.9296355627123436,
    "matrix_factorization_weighted_avg_precision": 0.8672882506291997,
    "matrix_factorization_weighted_final_train_loss": 0.0036041412670330336,
    "matrix_factorization_weighted_training_latency": 0.0,
    "matrix_factorization_weighted_hit_rate_10": 0.339,
    "matrix_factorization_weighted_ndcg_10": 0.23232045570810464,
    "matrix_factorization_weighted_precision_10": 0.03584499461786867,
    "matrix_factorization_weighted_recall_10": 0.35468245425188377,
    "matrix_factorization_weighted_mrr_10": 0.19584422574196522,
    "matrix_factorization_binary_auc_roc": 0.8174722306130423,
    "matrix_factorization_binary_avg_precision": 0.6717747276313949,
    "matrix_factorization_binary_final_train_loss": 0.24658354175027344,
    "matrix_factorization_binary_training_latency": 0.0,
    "matrix_factorization_binary_hit_rate_10": 0.152,
    "matrix_factorization_binary_ndcg_10": 0.0924233572265732,
    "matrix_factorization_binary_precision_10": 0.023467600700525396,
    "matrix_factorization_binary_recall_10": 0.15089909603920115,
    "matrix_factorization_binary_mrr_10": 0.08749895755149696,
    "matrix_factorization_implicit_auc_roc": 0.929940382019196,
    "matrix_factorization_implicit_avg_precision": 0.8671248084814976,
    "matrix_factorization_implicit_final_train_loss": 0.003447172663509956,
    "matrix_factorization_implicit_training_latency": 0.0,
    "matrix_factorization_implicit_hit_rate_10": 0.342,
    "matrix_factorization_implicit_ndcg_10": 0.22866206423951596,
    "matrix_factorization_implicit_precision_10": 0.036167922497308935,
    "matrix_factorization_implicit_recall_10": 0.356297093649085,
    "matrix_factorization_implicit_mrr_10": 0.19109428127189163
}
